item,kind,defining_package,defining_module,visibility,public_path,compilation_cells,execution_models,resource_profiles,capability_roles,requirements,current_path,migration_action,status
WorkClass,type,clinkz-wot-foundation,budget,public,clinkz_wot_foundation::WorkClass,no-default|async-no-std|std,all,all,all,CONSTRAINED-WORK-001,absent,add,frozen
WorkBudget,type,clinkz-wot-foundation,budget,public,clinkz_wot_foundation::WorkBudget,no-default|async-no-std|std,all,all,all,API-SURFACE-001|CONSTRAINED-WORK-001,absent,add,frozen
BudgetExceeded,type,clinkz-wot-foundation,budget,public,clinkz_wot_foundation::BudgetExceeded,no-default|async-no-std|std,all,all,all,CONSTRAINED-WORK-001,absent,add,frozen
ResourceProfileId,type,clinkz-wot-foundation,resource,public,clinkz_wot_foundation::ResourceProfileId,no-default|async-no-std|std,all,all,all,RES-PROFILE-001,absent,add,frozen
ResourceLimits,type,clinkz-wot-foundation,resource,public,clinkz_wot_foundation::ResourceLimits,no-default|async-no-std|std,all,all,all,API-RESOURCE-001|RES-LIMIT-001,absent,add,frozen
StaticResourceProfile,trait,clinkz-wot-foundation,resource,public,clinkz_wot_foundation::StaticResourceProfile,no-default|async-no-std|std,manual-poll,application-static,all,RES-PROFILE-001|CONSTRAINED-STORAGE-002,absent,add,frozen
ResourceKind,type,clinkz-wot-foundation,resource,public,clinkz_wot_foundation::ResourceKind,no-default|async-no-std|std,all,all,all,RES-LIMIT-002,absent,add,frozen
ResourceAccount,type,clinkz-wot-foundation,resource,public,clinkz_wot_foundation::ResourceAccount,no-default|async-no-std|std,all,all,all,API-RESOURCE-001|ADMIT-MEM-001,absent,add,frozen
ResourceReservation,type,clinkz-wot-foundation,resource,public,clinkz_wot_foundation::ResourceReservation,no-default|async-no-std|std,all,all,all,API-RESOURCE-001,absent,add,frozen
AdmissionLedger,type,clinkz-wot-foundation,resource,public,clinkz_wot_foundation::AdmissionLedger,no-default|async-no-std|std,all,all,all,API-RESOURCE-001|ADMIT-TXN-001,absent,add,frozen
ClockId,type,clinkz-wot-foundation,time,public,clinkz_wot_foundation::ClockId,no-default|async-no-std|std,all,all,all,TIME-001,absent,add,frozen
MonotonicInstant,type,clinkz-wot-foundation,time,public,clinkz_wot_foundation::MonotonicInstant,no-default|async-no-std|std,all,all,all,TIME-001,absent,add,frozen
RuntimeClock,trait,clinkz-wot-foundation,time,public,clinkz_wot_foundation::RuntimeClock,no-default|async-no-std|std,all,all,all,API-SURFACE-001|TIME-001,absent,add,frozen
SourceTimestamp,type,clinkz-wot-foundation,time,public,clinkz_wot_foundation::SourceTimestamp,no-default|async-no-std|std,all,all,all,API-SOURCE-TIME-001,absent,add,frozen
Generation,type,clinkz-wot-foundation,generation,public,clinkz_wot_foundation::Generation,no-default|async-no-std|std,all,all,all,API-TYPES-001,absent,add,frozen
SlotIndex,type,clinkz-wot-foundation,generation,public,clinkz_wot_foundation::SlotIndex,no-default|async-no-std|std,manual-poll,application-static,all,CONSTRAINED-STORAGE-001,absent,add,frozen
PendingWork,type,clinkz-wot-core,status,public,clinkz_wot_core::PendingWork,no-default|async-no-std|std,manual-poll,all,all,API-SURFACE-001|CONSTRAINED-PROGRESS-001,absent,add,frozen
StartStatus,type,clinkz-wot-core,status,public,clinkz_wot_core::StartStatus,no-default|async-no-std|std,manual-poll,all,all,API-SURFACE-001,absent,add,frozen
ProcessEvent,type,clinkz-wot-core,status,public,clinkz_wot_core::ProcessEvent,no-default|async-no-std|std,all,all,all,API-SURFACE-001,absent,add,frozen
ProcessTerminal,type,clinkz-wot-core,status,public,clinkz_wot_core::ProcessTerminal,no-default|async-no-std|std,all,all,all,API-SURFACE-001,absent,add,frozen
StepStatus,type,clinkz-wot-core,status,public,clinkz_wot_core::StepStatus,no-default|async-no-std|std,manual-poll,all,all,API-SURFACE-001|CONSTRAINED-PROGRESS-001,absent,add,frozen
CleanupOutcome,type,clinkz-wot-core,status,public,clinkz_wot_core::CleanupOutcome,no-default|async-no-std|std,all,all,all,LIFE-EXPOSE-003|API-SURFACE-001,absent,add,frozen
CleanupOperation,type,clinkz-wot-core,status,public,clinkz_wot_core::CleanupOperation,no-default|async-no-std|std,all,all,all,CLEANUP-RECORD-001,absent,add,frozen
CleanupRecord,state_record,clinkz-wot-core,status,public,clinkz_wot_core::CleanupRecord,no-default|async-no-std|std,all,all,all,CLEANUP-RECORD-001|LIFE-EXPOSE-003,absent,add,frozen
CleanupHandle,type,clinkz-wot-core,status,public,clinkz_wot_core::CleanupHandle,no-default|async-no-std|std,manual-poll,all,all,CONSTRAINED-PROGRESS-001|HANDLE-DROP-001,absent,add,frozen
CoreResult,type,clinkz-wot-core,error,public,clinkz_wot_core::CoreResult,no-default|async-no-std|std,all,all,all,ERR-TAXONOMY-001,core/src/error.rs,keep,frozen
CoreError,type,clinkz-wot-core,error,public,clinkz_wot_core::CoreError,no-default|async-no-std|std,all,all,all,ERR-TAXONOMY-001,core/src/error.rs,replace,frozen
ErrorContext,type,clinkz-wot-core,error,public,clinkz_wot_core::ErrorContext,no-default|async-no-std|std,all,all,all,ERR-TAXONOMY-001,absent,add,frozen
SelectionFailureReason,type,clinkz-wot-core,error,public,clinkz_wot_core::SelectionFailureReason,no-default|async-no-std|std,all,all,consumer,ERR-TAXONOMY-001,absent,add,frozen
RetryClass,type,clinkz-wot-core,error,public,clinkz_wot_core::RetryClass,no-default|async-no-std|std,all,all,all,ERR-RETRY-001,absent,add,frozen
ErrorPhase,type,clinkz-wot-core,error,public,clinkz_wot_core::ErrorPhase,no-default|async-no-std|std,all,all,all,ERR-TAXONOMY-001,absent,add,frozen
SecurityFailureReason,type,clinkz-wot-core,error,public,clinkz_wot_core::SecurityFailureReason,no-default|async-no-std|std,all,all,producer|consumer,ERR-TAXONOMY-001|API-SECURITY-001,absent,add,frozen
ThingId,type,clinkz-wot-core,identity,public,clinkz_wot_core::ThingId,no-default|async-no-std|std,all,all,all,API-TYPES-001,core/src/identity.rs,keep,frozen
BindingId,type,clinkz-wot-core,identity,public,clinkz_wot_core::BindingId,no-default|async-no-std|std,all,all,producer|consumer,API-TYPES-001,absent,add,frozen
BindingGeneration,type,clinkz-wot-core,identity,public,clinkz_wot_core::BindingGeneration,no-default|async-no-std|std,all,all,producer|consumer,API-TYPES-001,absent,add,frozen
PlanId,type,clinkz-wot-core,identity,public,clinkz_wot_core::PlanId,no-default|async-no-std|std,all,all,producer|consumer,API-TYPES-001,absent,add,frozen
SubscriptionId,type,clinkz-wot-core,identity,public,clinkz_wot_core::SubscriptionId,no-default|async-no-std|std,all,all,producer|consumer,API-TYPES-001,absent,add,frozen
CorrelationId,type,clinkz-wot-core,identity,public,clinkz_wot_core::CorrelationId,no-default|async-no-std|std,all,all,producer|consumer,API-TYPES-001,core/src/identity.rs,replace,frozen
ActionInvocationRef,type,clinkz-wot-core,identity,public,clinkz_wot_core::ActionInvocationRef,no-default|async-no-std|std,all,all,producer|consumer,API-TYPES-001,absent,add,frozen
ThingSlotId,type,clinkz-wot-core,identity,public,clinkz_wot_core::ThingSlotId,no-default|async-no-std|std,manual-poll,application-static,all,API-HOT-ID-001,absent,add,frozen
AffordanceSlotId,type,clinkz-wot-core,identity,public,clinkz_wot_core::AffordanceSlotId,no-default|async-no-std|std,manual-poll,application-static,all,API-HOT-ID-001,absent,add,frozen
BindingSlotId,type,clinkz-wot-core,identity,public,clinkz_wot_core::BindingSlotId,no-default|async-no-std|std,manual-poll,application-static,producer|consumer,API-HOT-ID-001,absent,add,frozen
HandlerSlotId,type,clinkz-wot-core,identity,public,clinkz_wot_core::HandlerSlotId,no-default|async-no-std|std,manual-poll,application-static,producer,API-HOT-ID-001,absent,add,frozen
PlanSlotId,type,clinkz-wot-core,identity,public,clinkz_wot_core::PlanSlotId,no-default|async-no-std|std,manual-poll,application-static,producer|consumer,API-HOT-ID-001,absent,add,frozen
SubscriptionSlotId,type,clinkz-wot-core,identity,public,clinkz_wot_core::SubscriptionSlotId,no-default|async-no-std|std,manual-poll,application-static,producer|consumer,API-HOT-ID-001,absent,add,frozen
CleanupSlotId,type,clinkz-wot-core,identity,public,clinkz_wot_core::CleanupSlotId,no-default|async-no-std|std,manual-poll,application-static,all,API-HOT-ID-001|CLEANUP-RECORD-001,absent,add,frozen
PreparedRouteId,type,clinkz-wot-core,identity,public,clinkz_wot_core::PreparedRouteId,no-default|async-no-std|std,manual-poll,application-static,producer,API-SURFACE-001,absent,add,frozen
ActiveRouteId,type,clinkz-wot-core,identity,public,clinkz_wot_core::ActiveRouteId,no-default|async-no-std|std,manual-poll,application-static,producer,API-SURFACE-001,absent,add,frozen
PreparedRouteKey,type,clinkz-wot-core,identity,public,clinkz_wot_core::PreparedRouteKey,no-default|async-no-std|std,all,all,producer,STATE-BIND-001,absent,add,frozen
AffordanceTarget,type,clinkz-wot-core,interaction,public,clinkz_wot_core::AffordanceTarget,no-default|async-no-std|std,all,all,producer|consumer,API-TYPES-001,core/src/thing.rs,keep,frozen
Payload,type,clinkz-wot-core,interaction,public,clinkz_wot_core::Payload,no-default|async-no-std|std,all,all,producer|consumer,API-PAYLOAD-001,core/src/payload.rs,replace,frozen
MediaType,type,clinkz-wot-core,interaction,public,clinkz_wot_core::MediaType,no-default|async-no-std|std,all,all,producer|consumer,API-PAYLOAD-001,absent,add,frozen
ContentCoding,type,clinkz-wot-core,interaction,public,clinkz_wot_core::ContentCoding,no-default|async-no-std|std,all,all,producer|consumer,API-PAYLOAD-001,absent,add,frozen
InteractionInput,type,clinkz-wot-core,interaction,public,clinkz_wot_core::InteractionInput,no-default|async-no-std|std,all,all,producer|consumer,API-PAYLOAD-001,core/src/interaction.rs,replace,frozen
InteractionOptions,type,clinkz-wot-core,interaction,public,clinkz_wot_core::InteractionOptions,no-default|async-no-std|std,all,all,consumer,API-OPTIONS-001,core/src/interaction.rs,replace,frozen
InteractionOutput,type,clinkz-wot-core,interaction,public,clinkz_wot_core::InteractionOutput,no-default|async-no-std|std,all,all,producer|consumer,API-PAYLOAD-001,core/src/interaction.rs,replace,frozen
InteractionStatus,type,clinkz-wot-core,interaction,public,clinkz_wot_core::InteractionStatus,no-default|async-no-std|std,all,all,producer|consumer,API-PAYLOAD-001,core/src/interaction.rs,replace,frozen
ResponsePayloadRole,type,clinkz-wot-core,interaction,public,clinkz_wot_core::ResponsePayloadRole,no-default|async-no-std|std,all,all,producer|consumer,API-PAYLOAD-001,absent,add,frozen
ResponseSelection,type,clinkz-wot-core,interaction,public,clinkz_wot_core::ResponseSelection,no-default|async-no-std|std,all,all,producer|consumer,API-PAYLOAD-001,absent,add,frozen
BindingResponseMetadata,type,clinkz-wot-core,interaction,public,clinkz_wot_core::BindingResponseMetadata,no-default|async-no-std|std,all,all,producer|consumer,API-PAYLOAD-001|BIND-IO-001|BIND-OUT-001,absent,add,frozen
InteractionOutputMetadata,type,clinkz-wot-core,interaction,public,clinkz_wot_core::InteractionOutputMetadata,no-default|async-no-std|std,all,all,producer|consumer,API-PAYLOAD-001,absent,add,frozen
validate_untrusted_binding_output,function,clinkz-wot-protocol-bindings,response,public,clinkz_wot_protocol_bindings::validate_untrusted_binding_output,no-default|async-no-std|std,all,all,consumer,API-PAYLOAD-001|BIND-OUT-001,absent,add,frozen
HandlerContext,type,clinkz-wot-core,interaction,public,clinkz_wot_core::HandlerContext,no-default|async-no-std|std,all,all,producer,HANDLER-API-001,absent,add,frozen
CancellationView,type,clinkz-wot-core,interaction,public,clinkz_wot_core::CancellationView,no-default|async-no-std|std,all,all,all,HANDLER-CANCEL-001,absent,add,frozen
Deadline,type,clinkz-wot-core,interaction,public,clinkz_wot_core::Deadline,no-default|async-no-std|std,all,all,all,TIME-001,absent,add,frozen
PayloadCodec,trait,clinkz-wot-core,codec,public,clinkz_wot_core::PayloadCodec,no-default|async-no-std|std,all,all,producer|consumer,API-CODEC-001,core/src/payload.rs,replace,frozen
DecodedPayload,type,clinkz-wot-core,codec,public,clinkz_wot_core::DecodedPayload,no-default|async-no-std|std,all,all,producer|consumer,API-CODEC-001|VALIDATE-REUSE-001,absent,add,frozen
PayloadDecoderState,state_record,clinkz-wot-core,codec,public,clinkz_wot_core::PayloadDecoderState,no-default|async-no-std|std,manual-poll,all,producer|consumer,API-CODEC-001,absent,add,frozen
PayloadEncoderState,state_record,clinkz-wot-core,codec,public,clinkz_wot_core::PayloadEncoderState,no-default|async-no-std|std,manual-poll,all,producer|consumer,API-CODEC-001,absent,add,frozen
DecodeStatus,type,clinkz-wot-core,codec,public,clinkz_wot_core::DecodeStatus,no-default|async-no-std|std,manual-poll,all,producer|consumer,API-CODEC-001,absent,add,frozen
EncodeStatus,type,clinkz-wot-core,codec,public,clinkz_wot_core::EncodeStatus,no-default|async-no-std|std,manual-poll,all,producer|consumer,API-CODEC-001,absent,add,frozen
SecurityProvider,trait,clinkz-wot-core,security,public,clinkz_wot_core::SecurityProvider,no-default|async-no-std|std,all,all,producer|consumer,API-SECURITY-001,core/src/security.rs,replace,frozen
SecurityProviderGeneration,type,clinkz-wot-core,security,public,clinkz_wot_core::SecurityProviderGeneration,no-default|async-no-std|std,all,all,producer|consumer,API-SECURITY-001,absent,add,frozen
SecurityRequirementView,type,clinkz-wot-core,security,public,clinkz_wot_core::SecurityRequirementView,no-default|async-no-std|std,all,all,producer|consumer,API-SECURITY-001,absent,add,frozen
SecurityCapability,type,clinkz-wot-core,security,public,clinkz_wot_core::SecurityCapability,no-default|async-no-std|std,all,all,producer|consumer,API-SECURITY-001,absent,add,frozen
VerificationProbe,type,clinkz-wot-core,security,public,clinkz_wot_core::VerificationProbe,no-default|async-no-std|std,all,all,producer,API-SECURITY-001,absent,add,frozen
VerificationCommit,type,clinkz-wot-core,security,public,clinkz_wot_core::VerificationCommit,no-default|async-no-std|std,all,all,producer,API-SECURITY-001,absent,add,frozen
ApplicationProbe,type,clinkz-wot-core,security,public,clinkz_wot_core::ApplicationProbe,no-default|async-no-std|std,all,all,consumer,API-SECURITY-001,absent,add,frozen
ApplicationCommit,type,clinkz-wot-core,security,public,clinkz_wot_core::ApplicationCommit,no-default|async-no-std|std,all,all,consumer,API-SECURITY-001,absent,add,frozen
ProbeResult,type,clinkz-wot-core,security,public,clinkz_wot_core::ProbeResult,no-default|async-no-std|std,all,all,producer|consumer,API-SECURITY-001,absent,add,frozen
PrincipalId,type,clinkz-wot-core,security,public,clinkz_wot_core::PrincipalId,no-default|async-no-std|std,all,all,producer,API-SECURITY-001,core/src/security.rs,keep,frozen
Principal,type,clinkz-wot-core,security,public,clinkz_wot_core::Principal,no-default|async-no-std|std,all,all,producer,API-SECURITY-001,core/src/security.rs,replace,frozen
TransportAuthMaterial,type,clinkz-wot-core,security,public,clinkz_wot_core::TransportAuthMaterial,no-default|async-no-std|std,all,all,producer,BIND-IO-001|API-SECURITY-001,absent,add,frozen
BodySecurityPlanView,type,clinkz-wot-core,security,public,clinkz_wot_core::BodySecurityPlanView,no-default|async-no-std|std,all,all,producer,API-SECURITY-001,absent,add,frozen
BodyAuthSlot,state_record,clinkz-wot-core,security,public,clinkz_wot_core::BodyAuthSlot,no-default|async-no-std|std,all,all,producer,API-SECURITY-001,absent,add,frozen
ApplicationPayloadProjection,type,clinkz-wot-core,security,public,clinkz_wot_core::ApplicationPayloadProjection,no-default|async-no-std|std,all,all,producer,API-SECURITY-001|VALIDATE-REUSE-001,absent,add,frozen
BodyAuthProjector,trait,clinkz-wot-core,security,public,clinkz_wot_core::BodyAuthProjector,no-default|async-no-std|std,all,all,producer,API-SECURITY-001|VALIDATE-REUSE-001,absent,add,frozen
AuthMaterial,type,clinkz-wot-core,security,public,clinkz_wot_core::AuthMaterial,no-default|async-no-std|std,all,all,producer,API-SECURITY-001,core/src/security.rs,replace,frozen
AppliedSecurity,type,clinkz-wot-core,security,public,clinkz_wot_core::AppliedSecurity,no-default|async-no-std|std,all,all,consumer,API-SECURITY-001,absent,add,frozen
CredentialStore,trait,clinkz-wot-core,security,public,clinkz_wot_core::CredentialStore,no-default|async-no-std|std,all,all,consumer,API-SECURITY-001,core/src/security.rs,replace,frozen
CredentialKeyView,type,clinkz-wot-core,security,public,clinkz_wot_core::CredentialKeyView,no-default|async-no-std|std,all,all,consumer,API-SECURITY-001,absent,add,frozen
CredentialAvailability,type,clinkz-wot-core,security,public,clinkz_wot_core::CredentialAvailability,no-default|async-no-std|std,all,all,consumer,API-SECURITY-001,absent,add,frozen
CredentialLease,type,clinkz-wot-core,security,public,clinkz_wot_core::CredentialLease,no-default|async-no-std|std,all,all,consumer,API-SECURITY-001,absent,add,frozen
CredentialGeneration,type,clinkz-wot-core,security,public,clinkz_wot_core::CredentialGeneration,no-default|async-no-std|std,all,all,consumer,API-SECURITY-001,absent,add,frozen
EffectiveSecurityPlan,type,clinkz-wot-core,security,public,clinkz_wot_core::EffectiveSecurityPlan,no-default|async-no-std|std,all,all,producer|consumer,SEC-PERF-001,absent,add,frozen
LogicalInteractionPlan,type,clinkz-wot-core,plan,public,clinkz_wot_core::LogicalInteractionPlan,no-default|async-no-std|std,all,all,producer|consumer,PLAN-COST-001,absent,add,frozen
BindingPlanRef,type,clinkz-wot-core,plan,public,clinkz_wot_core::BindingPlanRef,no-default|async-no-std|std,all,all,producer|consumer,PLAN-COST-001,absent,add,frozen
BindingCandidate,type,clinkz-wot-core,plan,public,clinkz_wot_core::BindingCandidate,no-default|async-no-std|std,all,all,producer|consumer,PLAN-REQUEST-001,absent,add,frozen
BindingSupport,type,clinkz-wot-core,plan,public,clinkz_wot_core::BindingSupport,no-default|async-no-std|std,all,all,producer|consumer,PLAN-INDEX-001,absent,add,frozen
InboundBindingPlan,type,clinkz-wot-core,plan,public,clinkz_wot_core::InboundBindingPlan,no-default|async-no-std|std,all,all,producer,FORM-OWNER-001|BIND-IO-001,absent,add,frozen
BindingThingView,type,clinkz-wot-core,plan,public,clinkz_wot_core::BindingThingView,no-default|async-no-std|std,all,all,producer,FORM-FINALIZE-001,absent,add,frozen
InboundRouteMatch,type,clinkz-wot-core,plan,public,clinkz_wot_core::InboundRouteMatch,no-default|async-no-std|std,all,all,producer,BIND-IO-001,absent,add,frozen
BindingCapability,type,clinkz-wot-core,plan,public,clinkz_wot_core::BindingCapability,no-default|async-no-std|std,all,all,producer|consumer,PLAN-INDEX-001,absent,add,frozen
BindingRequest,type,clinkz-wot-core,binding,public,clinkz_wot_core::BindingRequest,no-default|async-no-std|std,all,all,consumer,BIND-OUT-001,core/src/binding.rs,replace,frozen
InboundRequest,type,clinkz-wot-core,binding,public,clinkz_wot_core::InboundRequest,no-default|async-no-std|std,all,all,producer,BIND-IO-001,core/src/inbound.rs,replace,frozen
InboundResponse,type,clinkz-wot-core,binding,public,clinkz_wot_core::InboundResponse,no-default|async-no-std|std,all,all,producer,BIND-IO-001,core/src/inbound.rs,replace,frozen
PrepareInput,type,clinkz-wot-core,binding,public,clinkz_wot_core::PrepareInput,no-default|async-no-std|std,manual-poll,application-static,producer,API-SURFACE-001,absent,add,frozen
BindingRouteKey,type,clinkz-wot-core,binding,public,clinkz_wot_core::BindingRouteKey,no-default|async-no-std|std,all,all,producer,STATE-BIND-001,absent,add,frozen
BindingContext,type,clinkz-wot-core,binding,public,clinkz_wot_core::BindingContext,no-default|async-no-std|std,all,all,producer,BIND-IO-001,core/src/inbound.rs,replace,frozen
ResponseDelivery,type,clinkz-wot-core,binding,public,clinkz_wot_core::ResponseDelivery,no-default|async-no-std|std,manual-poll,all,producer,BIND-PROGRESS-001,absent,add,frozen
SubscriptionStart,type,clinkz-wot-core,binding,public,clinkz_wot_core::SubscriptionStart,no-default|async-no-std|std,all,all,consumer,BIND-PROGRESS-001,absent,add,frozen
SubscriptionItem,type,clinkz-wot-core,binding,public,clinkz_wot_core::SubscriptionItem,no-default|async-no-std|std,all,all,consumer,BIND-PROGRESS-001,absent,add,frozen
ClientRequestSlot,state_record,clinkz-wot-core,binding,public,clinkz_wot_core::ClientRequestSlot,no-default|async-no-std|std,manual-poll,application-static,consumer,API-SURFACE-001,absent,add,frozen
ClientSubscriptionSlot,state_record,clinkz-wot-core,binding,public,clinkz_wot_core::ClientSubscriptionSlot,no-default|async-no-std|std,manual-poll,application-static,consumer,BIND-PROGRESS-001,absent,add,frozen
ServerResponseSlot,state_record,clinkz-wot-core,binding,public,clinkz_wot_core::ServerResponseSlot,no-default|async-no-std|std,manual-poll,application-static,producer,BIND-PROGRESS-001,absent,add,frozen
PollClientBinding,trait,clinkz-wot-core,binding,public,clinkz_wot_core::PollClientBinding,no-default|async-no-std|std,manual-poll,application-static,consumer,API-SURFACE-001,absent,add,frozen
PollServerBinding,trait,clinkz-wot-core,binding,public,clinkz_wot_core::PollServerBinding,no-default|async-no-std|std,manual-poll,application-static,producer,API-SURFACE-001,absent,add,frozen
ServerBinding,trait,clinkz-wot-core,binding,public,clinkz_wot_core::ServerBinding,std,host-async,gateway-default-v1,producer,API-SURFACE-001|LIFE-EXPOSE-003,core/src/inbound.rs,replace,frozen
ServerRouteGuard,type,clinkz-wot-core,binding,public,clinkz_wot_core::ServerRouteGuard,std,host-async,gateway-default-v1,producer,STATE-BIND-001,absent,add,frozen
ActiveRouteGuard,type,clinkz-wot-core,binding,public,clinkz_wot_core::ActiveRouteGuard,std,host-async,gateway-default-v1,producer,STATE-BIND-001,absent,add,frozen
RouteReadinessDriver,trait,clinkz-wot-core,binding,public,clinkz_wot_core::RouteReadinessDriver,std,host-async,gateway-default-v1,producer,LIFE-EXPOSE-003,absent,add,frozen
RouteReadinessToken,type,clinkz-wot-core,binding,public,clinkz_wot_core::RouteReadinessToken,std,host-async,gateway-default-v1,producer,LIFE-EXPOSE-003,absent,add,frozen
ServerBindingRegistration,registration,clinkz-wot-core,binding,public,clinkz_wot_core::ServerBindingRegistration,std,host-async,gateway-default-v1,producer,FORM-FINALIZE-001|API-SURFACE-001,absent,add,frozen
RuntimeEventSinkConfig,type,clinkz-wot-core,binding,public,clinkz_wot_core::RuntimeEventSinkConfig,std,host-async,gateway-default-v1,producer,CAP-STATUS-001,absent,add,frozen
BindingFuture,type,clinkz-wot-core,binding,public,clinkz_wot_core::BindingFuture,std,host-async,gateway-default-v1,producer|consumer,HOST-ASYNC-001,absent,add,frozen
ClientBinding,trait,clinkz-wot-core,binding,public,clinkz_wot_core::ClientBinding,std,host-async,gateway-default-v1,consumer,BIND-OUT-001,core/src/binding.rs,replace,frozen
HostSubscriptionStart,type,clinkz-wot-core,binding,public,clinkz_wot_core::HostSubscriptionStart,std,host-async,gateway-default-v1,consumer,BIND-PROGRESS-001,absent,add,frozen
ClientBindingRegistration,registration,clinkz-wot-core,binding,public,clinkz_wot_core::ClientBindingRegistration,std,host-async,gateway-default-v1,consumer,API-SURFACE-001,absent,add,frozen
RouteReadinessStatus,type,clinkz-wot-core,binding,public,clinkz_wot_core::RouteReadinessStatus,no-default|async-no-std|std,all,all,producer,LIFE-EXPOSE-003,absent,add,frozen
BindingDrivingMode,type,clinkz-wot-core,binding,public,clinkz_wot_core::BindingDrivingMode,no-default|async-no-std|std,all,all,producer,STATE-BIND-001,absent,add,frozen
StaticServerBindingRegistration,registration,clinkz-wot-core,binding,public,clinkz_wot_core::StaticServerBindingRegistration,no-default|async-no-std|std,manual-poll,application-static,producer,API-SURFACE-001,absent,add,frozen
StaticClientBindingRegistration,registration,clinkz-wot-core,binding,public,clinkz_wot_core::StaticClientBindingRegistration,no-default|async-no-std|std,manual-poll,application-static,consumer,API-SURFACE-001,absent,add,frozen
ServerFormContributor,trait,clinkz-wot-core,form_contribution,public,clinkz_wot_core::ServerFormContributor,no-default|async-no-std|std,all,all,producer,FORM-FINALIZE-001,absent,add,frozen
AffordanceFormRequirement,type,clinkz-wot-core,form_contribution,public,clinkz_wot_core::AffordanceFormRequirement,no-default|async-no-std|std,all,all,producer,FORM-FINALIZE-001,absent,add,frozen
FormContributionContext,type,clinkz-wot-core,form_contribution,public,clinkz_wot_core::FormContributionContext,no-default|async-no-std|std,all,all,producer,FORM-FINALIZE-001,absent,add,frozen
FormContribution,type,clinkz-wot-core,form_contribution,public,clinkz_wot_core::FormContribution,no-default|async-no-std|std,all,all,producer,FORM-FINALIZE-001,absent,add,frozen
FormContributionCapability,type,clinkz-wot-core,form_contribution,public,clinkz_wot_core::FormContributionCapability,no-default|async-no-std|std,all,all,producer,FORM-FINALIZE-001,absent,add,frozen
EndpointReservationKey,type,clinkz-wot-core,form_contribution,public,clinkz_wot_core::EndpointReservationKey,no-default|async-no-std|std,all,all,producer,FORM-OWNER-001,absent,add,frozen
CollisionDomainId,type,clinkz-wot-core,form_contribution,public,clinkz_wot_core::CollisionDomainId,no-default|async-no-std|std,all,all,producer,FORM-OWNER-001,absent,add,frozen
Subscription,type,clinkz-wot-core,subscription,public,clinkz_wot_core::Subscription,no-default|async-no-std|std,all,all,consumer,STATE-SUB-001,core/src/event.rs,replace,frozen
SubscriptionGuard,trait,clinkz-wot-core,subscription,public,clinkz_wot_core::SubscriptionGuard,std,host-async,gateway-default-v1,consumer,STATE-SUB-001,core/src/binding.rs,replace,frozen
SubscriptionState,type,clinkz-wot-core,subscription,public,clinkz_wot_core::SubscriptionState,no-default|async-no-std|std,all,all,consumer,STATE-SUB-001,absent,add,frozen
SubscriptionRecord,state_record,clinkz-wot-core,subscription,crate,-,no-default|async-no-std|std,all,all,consumer,STATE-SUB-001,absent,add,frozen
RuntimeEvent,type,clinkz-wot-core,runtime_event,public,clinkz_wot_core::RuntimeEvent,no-default|async-no-std|std,all,all,all,CAP-STATUS-001,absent,add,frozen
BindingRuntimeEvent,type,clinkz-wot-core,runtime_event,public,clinkz_wot_core::BindingRuntimeEvent,no-default|async-no-std|std,all,all,producer,CAP-STATUS-001,absent,add,frozen
BindingStatusRecord,state_record,clinkz-wot-core,runtime_event,public,clinkz_wot_core::BindingStatusRecord,no-default|async-no-std|std,all,all,producer,CAP-STATUS-001,absent,add,frozen
OverflowPolicy,type,clinkz-wot-core,runtime_event,public,clinkz_wot_core::OverflowPolicy,no-default|async-no-std|std,all,all,all,CAP-OVERFLOW-001,absent,add,frozen
ProducerEmission,type,clinkz-wot-core,emission,public,clinkz_wot_core::ProducerEmission,no-default|async-no-std|std,all,all,producer,PRODUCER-EMIT-001,absent,add,frozen
EmissionKind,type,clinkz-wot-core,emission,public,clinkz_wot_core::EmissionKind,no-default|async-no-std|std,all,all,producer,PRODUCER-EMIT-001,absent,add,frozen
BindingPublication,type,clinkz-wot-core,emission,public,clinkz_wot_core::BindingPublication,no-default|async-no-std|std,all,all,producer,PRODUCER-EMIT-001,absent,add,frozen
EmissionStatus,type,clinkz-wot-core,emission,public,clinkz_wot_core::EmissionStatus,no-default|async-no-std|std,all,all,producer,PRODUCER-EMIT-001,absent,add,frozen
ServerEmissionSlot,state_record,clinkz-wot-core,emission,public,clinkz_wot_core::ServerEmissionSlot,no-default|async-no-std|std,manual-poll,application-static,producer,PRODUCER-EMIT-001,absent,add,frozen
BindingRouteState,state_record,clinkz-wot-core,state,public,clinkz_wot_core::BindingRouteState,no-default|async-no-std|std,all,all,producer,STATE-BIND-001,absent,add,frozen
InFlightState,state_record,clinkz-wot-core,state,public,clinkz_wot_core::InFlightState,no-default|async-no-std|std,all,all,producer,STATE-INFLIGHT-001,absent,add,frozen
ClientRequestSlotState,state_record,clinkz-wot-core,state,crate,-,no-default|async-no-std|std,manual-poll,application-static,consumer,API-SURFACE-001,absent,add,frozen
ClientSubscriptionSlotState,state_record,clinkz-wot-core,state,crate,-,no-default|async-no-std|std,manual-poll,application-static,consumer,BIND-PROGRESS-001,absent,add,frozen
ServerResponseSlotState,state_record,clinkz-wot-core,state,crate,-,no-default|async-no-std|std,manual-poll,application-static,producer,BIND-PROGRESS-001,absent,add,frozen
ServerEmissionSlotState,state_record,clinkz-wot-core,state,crate,-,no-default|async-no-std|std,manual-poll,application-static,producer,PRODUCER-EMIT-001,absent,add,frozen
CapabilityIndex,type,clinkz-wot-protocol-bindings,plan,public,clinkz_wot_protocol_bindings::CapabilityIndex,no-default|async-no-std|std,all,all,producer|consumer,PLAN-INDEX-001,absent,add,frozen
PlanCompiler,trait,clinkz-wot-protocol-bindings,plan,public,clinkz_wot_protocol_bindings::PlanCompiler,no-default|async-no-std|std,all,all,producer|consumer,PLAN-COST-001,absent,add,frozen
PlanBuildInput,type,clinkz-wot-protocol-bindings,plan,public,clinkz_wot_protocol_bindings::PlanBuildInput,no-default|async-no-std|std,all,all,producer|consumer,PLAN-COST-001,absent,add,frozen
PlanBuildOutput,type,clinkz-wot-protocol-bindings,plan,public,clinkz_wot_protocol_bindings::PlanBuildOutput,no-default|async-no-std|std,all,all,producer|consumer,PLAN-COST-001,absent,add,frozen
CompiledUriTemplate,type,clinkz-wot-protocol-bindings,uri_template,public,clinkz_wot_protocol_bindings::CompiledUriTemplate,no-default|async-no-std|std,all,all,producer|consumer,PERF-COMPLEXITY-001,absent,add,frozen
ResolvedFormTarget,type,clinkz-wot-protocol-bindings,form,public,clinkz_wot_protocol_bindings::ResolvedFormTarget,no-default|async-no-std|std,all,all,producer|consumer,PLAN-REQUEST-001,protocol-bindings/core/src/form.rs,keep,frozen
ThingDocument,type,clinkz-wot-td,document,public,clinkz_wot_td::ThingDocument,no-default|async-no-std|std,all,all,all,DOC-RUNTIME-001,absent,add,frozen
TdDocument,type,clinkz-wot-td,document,public,clinkz_wot_td::TdDocument,no-default|async-no-std|std,all,all,all,DOC-RUNTIME-001,absent,add,frozen
TmDocument,type,clinkz-wot-td,document,public,clinkz_wot_td::TmDocument,no-default|async-no-std|std,all,all,all,DOC-RUNTIME-001,absent,add,frozen
TdSourceInfo,type,clinkz-wot-td,document,public,clinkz_wot_td::TdSourceInfo,no-default|async-no-std|std,all,all,all,DOC-RUNTIME-001|API-SOURCE-TIME-001,absent,add,frozen
TmSourceInfo,type,clinkz-wot-td,document,public,clinkz_wot_td::TmSourceInfo,no-default|async-no-std|std,all,all,all,DOC-RUNTIME-001|API-SOURCE-TIME-001,absent,add,frozen
SourceRetention,type,clinkz-wot-td,document,public,clinkz_wot_td::SourceRetention,no-default|async-no-std|std,all,all,all,DOC-RUNTIME-001,absent,add,frozen
AbsoluteUri,type,clinkz-wot-td,core::data_type::uri,public,clinkz_wot_td::AbsoluteUri,no-default|async-no-std|std,all,all,all,STD-BASELINE-001,td/src/core/data_type/uri.rs,keep,frozen
EntryId,type,clinkz-wot-discovery,identity,public,clinkz_wot_discovery::EntryId,no-default|async-no-std|std,all,all,directory-client,DIR-CONTRACT-001,absent,add,frozen
DirectoryRevision,type,clinkz-wot-discovery,identity,public,clinkz_wot_discovery::DirectoryRevision,no-default|async-no-std|std,all,all,directory-client,DIR-CONTRACT-001,absent,add,frozen
EntryRevision,type,clinkz-wot-discovery,identity,public,clinkz_wot_discovery::EntryRevision,no-default|async-no-std|std,all,all,directory-client,DIR-CONTRACT-001,absent,add,frozen
LeaseToken,type,clinkz-wot-discovery,identity,public,clinkz_wot_discovery::LeaseToken,no-default|async-no-std|std,all,all,directory-client,DIR-AUTH-001,discovery/src/directory.rs,replace,frozen
PageToken,type,clinkz-wot-discovery,identity,public,clinkz_wot_discovery::PageToken,no-default|async-no-std|std,all,all,directory-client,DIR-SNAPSHOT-001,absent,add,frozen
WatchCursor,type,clinkz-wot-discovery,identity,public,clinkz_wot_discovery::WatchCursor,no-default|async-no-std|std,all,all,directory-client,DIR-WATCH-001,absent,add,frozen
PolicyGeneration,type,clinkz-wot-discovery,identity,public,clinkz_wot_discovery::PolicyGeneration,no-default|async-no-std|std,all,all,directory-client,DIR-WATCH-001,absent,add,frozen
DiscoveryEndpoint,type,clinkz-wot-discovery,value,public,clinkz_wot_discovery::DiscoveryEndpoint,no-default|async-no-std|std,all,all,directory-client,DIR-SCOPE-001,discovery/src/endpoint.rs,keep,frozen
IntroductionSource,type,clinkz-wot-discovery,value,public,clinkz_wot_discovery::IntroductionSource,no-default|async-no-std|std,all,all,directory-client,DIR-SCOPE-001,discovery/src/endpoint.rs,keep,frozen
DiscoveryFilter,type,clinkz-wot-discovery,value,public,clinkz_wot_discovery::DiscoveryFilter,no-default|async-no-std|std,all,all,directory-client,DIR-CONTRACT-001,discovery/src/discoverer.rs,replace,frozen
DirectoryRef,type,clinkz-wot-discovery,value,public,clinkz_wot_discovery::DirectoryRef,no-default|async-no-std|std,all,all,directory-client,DIR-CONTRACT-001,discovery/src/discoverer.rs,replace,frozen
DirectoryQuery,type,clinkz-wot-discovery,value,public,clinkz_wot_discovery::DirectoryQuery,no-default|async-no-std|std,all,all,directory-client,DIR-CONTRACT-001,discovery/src/directory.rs,replace,frozen
DirectoryPage,type,clinkz-wot-discovery,value,public,clinkz_wot_discovery::DirectoryPage,no-default|async-no-std|std,all,all,directory-client,DIR-SNAPSHOT-001,absent,add,frozen
DirectoryChange,type,clinkz-wot-discovery,value,public,clinkz_wot_discovery::DirectoryChange,no-default|async-no-std|std,all,all,directory-client,DIR-WATCH-001,discovery/src/watch.rs,replace,frozen
DirectoryTerminal,type,clinkz-wot-discovery,value,public,clinkz_wot_discovery::DirectoryTerminal,no-default|async-no-std|std,all,all,directory-client,DIR-WATCH-001,absent,add,frozen
ExpectedRevision,type,clinkz-wot-discovery,value,public,clinkz_wot_discovery::ExpectedRevision,no-default|async-no-std|std,all,all,directory-client,DIR-CONTRACT-001,absent,add,frozen
PublicationAuthority,type,clinkz-wot-discovery,value,public,clinkz_wot_discovery::PublicationAuthority,no-default|async-no-std|std,all,all,directory-client,DIR-AUTH-001,absent,add,frozen
PublishOptions,type,clinkz-wot-discovery,value,public,clinkz_wot_discovery::PublishOptions,no-default|async-no-std|std,all,all,directory-client,DIR-CONTRACT-001,absent,add,frozen
LeaseRequest,type,clinkz-wot-discovery,value,public,clinkz_wot_discovery::LeaseRequest,no-default|async-no-std|std,all,all,directory-client,DIR-CONTRACT-001,absent,add,frozen
Publication,type,clinkz-wot-discovery,value,public,clinkz_wot_discovery::Publication,no-default|async-no-std|std,all,all,directory-client,DIR-CONTRACT-001,absent,add,frozen
DirectoryQueryRequest,type,clinkz-wot-discovery,request,public,clinkz_wot_discovery::DirectoryQueryRequest,no-default|async-no-std|std,manual-poll,all,directory-client,API-DIRECTORY-POLL-001,absent,add,frozen
DirectoryWatchRequest,type,clinkz-wot-discovery,request,public,clinkz_wot_discovery::DirectoryWatchRequest,no-default|async-no-std|std,manual-poll,all,directory-client,API-DIRECTORY-POLL-001,absent,add,frozen
DirectoryPublicationRequest,type,clinkz-wot-discovery,request,public,clinkz_wot_discovery::DirectoryPublicationRequest,no-default|async-no-std|std,manual-poll,all,directory-client,API-DIRECTORY-POLL-001,absent,add,frozen
ThingResolveRequest,type,clinkz-wot-discovery,request,public,clinkz_wot_discovery::ThingResolveRequest,no-default|async-no-std|std,manual-poll,all,directory-client,API-DIRECTORY-POLL-001,absent,add,frozen
DirectorySessionSlot,state_record,clinkz-wot-discovery,slot,public,clinkz_wot_discovery::DirectorySessionSlot,no-default|async-no-std|std,manual-poll,all,directory-client,API-DIRECTORY-POLL-001,absent,add,frozen
DirectoryWatchSlot,state_record,clinkz-wot-discovery,slot,public,clinkz_wot_discovery::DirectoryWatchSlot,no-default|async-no-std|std,manual-poll,all,directory-client,API-DIRECTORY-POLL-001,absent,add,frozen
DirectoryPublicationSlot,state_record,clinkz-wot-discovery,slot,public,clinkz_wot_discovery::DirectoryPublicationSlot,no-default|async-no-std|std,manual-poll,all,directory-client,API-DIRECTORY-POLL-001,absent,add,frozen
ThingResolveSlot,state_record,clinkz-wot-discovery,slot,public,clinkz_wot_discovery::ThingResolveSlot,no-default|async-no-std|std,manual-poll,all,directory-client,API-DIRECTORY-POLL-001,absent,add,frozen
DirectorySessionSlotState,state_record,clinkz-wot-discovery,slot,crate,-,no-default|async-no-std|std,manual-poll,all,directory-client,API-DIRECTORY-POLL-001,absent,add,frozen
DirectoryWatchSlotState,state_record,clinkz-wot-discovery,slot,crate,-,no-default|async-no-std|std,manual-poll,all,directory-client,API-DIRECTORY-POLL-001,absent,add,frozen
DirectoryPublicationSlotState,state_record,clinkz-wot-discovery,slot,crate,-,no-default|async-no-std|std,manual-poll,all,directory-client,API-DIRECTORY-POLL-001,absent,add,frozen
ThingResolveSlotState,state_record,clinkz-wot-discovery,slot,crate,-,no-default|async-no-std|std,manual-poll,all,directory-client,API-DIRECTORY-POLL-001,absent,add,frozen
PollDirectoryClient,trait,clinkz-wot-discovery,client,public,clinkz_wot_discovery::PollDirectoryClient,no-default|async-no-std|std,manual-poll,all,directory-client,API-DIRECTORY-POLL-001,absent,add,frozen
ThingDiscoveryProcess,type,clinkz-wot-discovery,client,public,clinkz_wot_discovery::ThingDiscoveryProcess,no-default|async-no-std|std,manual-poll|host-async,all,directory-client,STATE-DISC-001,discovery/src/session.rs,replace,frozen
DiscoveryProcessState,state_record,clinkz-wot-discovery,client,public,clinkz_wot_discovery::DiscoveryProcessState,no-default|async-no-std|std,manual-poll|host-async,all,directory-client,STATE-DISC-001,discovery/src/session.rs,replace,frozen
Introducer,trait,clinkz-wot-discovery,client,public,clinkz_wot_discovery::Introducer,async-no-std|std,host-async,all,directory-client,API-DISCOVERY-EXEC-001,discovery/src/endpoint.rs,replace,frozen
DirectoryReader,trait,clinkz-wot-discovery,client,public,clinkz_wot_discovery::DirectoryReader,async-no-std|std,host-async,all,directory-client,DIR-CONTRACT-001,discovery/src/directory.rs,replace,frozen
DirectorySession,trait,clinkz-wot-discovery,client,public,clinkz_wot_discovery::DirectorySession,async-no-std|std,host-async,all,directory-client,DIR-CONTRACT-001,discovery/src/directory.rs,replace,frozen
DirectoryPublisher,trait,clinkz-wot-discovery,client,public,clinkz_wot_discovery::DirectoryPublisher,async-no-std|std,host-async,all,directory-client,DIR-CONTRACT-001,discovery/src/publisher.rs,replace,frozen
DirectoryWatch,trait,clinkz-wot-discovery,client,public,clinkz_wot_discovery::DirectoryWatch,async-no-std|std,host-async,all,directory-client,DIR-CONTRACT-001,discovery/src/watch.rs,replace,frozen
ThingDescriptionResolver,trait,clinkz-wot-discovery,client,public,clinkz_wot_discovery::ThingDescriptionResolver,async-no-std|std,host-async,all,directory-client,DIR-CONTRACT-001,discovery/src/resolver.rs,replace,frozen
ThingLinkResolver,trait,clinkz-wot-discovery,client,public,clinkz_wot_discovery::ThingLinkResolver,async-no-std|std,host-async,all,directory-client,DIR-CONTRACT-001,discovery/src/resolver.rs,replace,frozen
Discoverer,trait,clinkz-wot-discovery,client,public,clinkz_wot_discovery::Discoverer,async-no-std|std,host-async,all,directory-client,DIR-CONTRACT-001,discovery/src/discoverer.rs,replace,frozen
StaticServient,trait,clinkz-wot-servient,runtime,public,clinkz_wot_servient::StaticServient,no-default|async-no-std|std,manual-poll,application-static,all,API-SURFACE-001,absent,add,frozen
StaticServientBuilder,type,clinkz-wot-servient,runtime,public,clinkz_wot_servient::StaticServientBuilder,no-default|async-no-std|std,manual-poll,application-static,all,FEATURE-MATRIX-001,absent,add,frozen
Servient,type,clinkz-wot-servient,runtime,public,clinkz_wot_servient::Servient,std,host-async,gateway-default-v1,all,API-SURFACE-001,servient/src/servient.rs,replace,frozen
ServientBuilder,type,clinkz-wot-servient,runtime,public,clinkz_wot_servient::ServientBuilder,std,host-async,gateway-default-v1,all,API-SURFACE-001,servient/src/builder.rs,replace,frozen
ExposedThingHandle,type,clinkz-wot-servient,runtime,public,clinkz_wot_servient::ExposedThingHandle,std,host-async,gateway-default-v1,producer,LIFE-EXPOSE-001|HANDLE-DROP-001,servient/src/handle.rs,replace,frozen
ConsumedThingHandle,type,clinkz-wot-servient,runtime,public,clinkz_wot_servient::ConsumedThingHandle,std,host-async,gateway-default-v1,consumer,API-SURFACE-001,servient/src/handle.rs,replace,frozen
CleanupExecutor,trait,clinkz-wot-servient,runtime,public,clinkz_wot_servient::CleanupExecutor,std,host-async,gateway-default-v1,all,HANDLE-DROP-001,absent,add,frozen
ExposeState,state_record,clinkz-wot-servient,lifecycle,public,clinkz_wot_servient::ExposeState,no-default|async-no-std|std,manual-poll|host-async,all,producer,STATE-EXPOSE-001,absent,add,frozen
ExposedThingRecord,state_record,clinkz-wot-servient,lifecycle,crate,-,no-default|async-no-std|std,manual-poll|host-async,all,producer,STATE-EXPOSE-001,servient/src/registry.rs,replace,frozen
BindingRouteRecord,state_record,clinkz-wot-servient,lifecycle,crate,-,no-default|async-no-std|std,manual-poll|host-async,all,producer,STATE-BIND-001,absent,add,frozen
InFlightRecord,state_record,clinkz-wot-servient,lifecycle,crate,-,no-default|async-no-std|std,manual-poll|host-async,all,producer,STATE-INFLIGHT-001,absent,add,frozen
StaticServientRecord,state_record,clinkz-wot-servient,lifecycle,crate,-,no-default|async-no-std|std,manual-poll,application-static,all,CONSTRAINED-STORAGE-001,absent,add,frozen
CleanupQueueRecord,state_record,clinkz-wot-servient,lifecycle,crate,-,no-default|async-no-std|std,manual-poll|host-async,all,all,CLEANUP-RECORD-001,absent,add,frozen
GatewayDefaultV1,profile,clinkz-wot-foundation,resource,public,clinkz_wot_foundation::GatewayDefaultV1,std,host-async,gateway-default-v1,gateway,HOST-DEFAULT-001|RES-PROFILE-001,absent,add,frozen
DirectoryClientDefaultV1,profile,clinkz-wot-foundation,resource,public,clinkz_wot_foundation::DirectoryClientDefaultV1,std,host-async,directory-client-default-v1,directory-client,HOST-DEFAULT-002|RES-PROFILE-001,absent,add,frozen
BenchmarkStaticReferenceV1,profile,clinkz-wot-foundation,resource,public,clinkz_wot_foundation::BenchmarkStaticReferenceV1,no-default,manual-poll,benchmark-static-reference-v1,all,RES-PROFILE-001,absent,add,frozen
